{"Al2Mo6S6Se2": {"Cavg__Polarizability": 6.8, "X__Polarizability": 3.335, "Ctotal__fusion": 21400.0, "X__cohesive_energies": 2.6550000000000002, "Cavg__first_IE": 577500.0, "els_donated": 4.0, "dHd": 0.07888985163461171}, "KMo6S4Se4": {"Cavg__Polarizability": 43.23, "X__Polarizability": 3.335, "Ctotal__fusion": 2330.0, "X__cohesive_energies": 2.6550000000000002, "Cavg__first_IE": 418800.0, "els_donated": 1.0, "dHd": 0.030775010333333297}, "KMo6Se4Te4": {"Cavg__Polarizability": 43.23, "X__Polarizability": 4.635, "Ctotal__fusion": 2330.0, "X__cohesive_energies": 2.325, "Cavg__first_IE": 418800.0, "els_donated": 1.0, "dHd": 0.020315543333331743}, "CaMo6S6Se2": {"Cavg__Polarizability": 25.73333333, "X__Polarizability": 3.335, "Ctotal__fusion": 8540.0, "X__cohesive_energies": 2.6550000000000002, "Cavg__first_IE": 589800.0, "els_donated": 2.0, "dHd": -0.0015338576666452663}, "Mg2Mo6Se4Te4": {"Cavg__Polarizability": 10.76666667, "X__Polarizability": 4.635, "Ctotal__fusion": 17400.0, "X__cohesive_energies": 2.325, "Cavg__first_IE": 737700.0, "els_donated": 4.0, "dHd": 0.08215720343750144}, "Cu2Mo6S6Se2": {"Cavg__Polarizability": 6.15, "X__Polarizability": 3.335, "Ctotal__fusion": 26200.0, "X__cohesive_energies": 2.6550000000000002, "Cavg__first_IE": 745500.0, "els_donated": 2.0, "dHd": 0.026103721249997158}, "Al2Mo6S4Se4": {"Cavg__Polarizability": 6.8, "X__Polarizability": 3.335, "Ctotal__fusion": 21400.0, "X__cohesive_energies": 2.6550000000000002, "Cavg__first_IE": 577500.0, "els_donated": 4.0, "dHd": 0.1001437159615376}, "CaMo6Se4Te4": {"Cavg__Polarizability": 25.73333333, "X__Polarizability": 4.635, "Ctotal__fusion": 8540.0, "X__cohesive_energies": 2.325, "Cavg__first_IE": 589800.0, "els_donated": 2.0, "dHd": 0.05473163833334205}, "KMo6S6Se2": {"Cavg__Polarizability": 43.23, "X__Polarizability": 3.335, "Ctotal__fusion": 2330.0, "X__cohesive_energies": 2.6550000000000002, "Cavg__first_IE": 418800.0, "els_donated": 1.0, "dHd": 0.01316739166666514}, "Mg2Mo6S4Se4": {"Cavg__Polarizability": 10.76666667, "X__Polarizability": 3.335, "Ctotal__fusion": 17400.0, "X__cohesive_energies": 2.6550000000000002, "Cavg__first_IE": 737700.0, "els_donated": 4.0, "dHd": 0.024112429999998963}, "Al2Mo6Se4Te4": {"Cavg__Polarizability": 6.8, "X__Polarizability": 4.635, "Ctotal__fusion": 21400.0, "X__cohesive_energies": 2.325, "Cavg__first_IE": 577500.0, "els_donated": 4.0, "dHd": 0.14746221031249862}, "AgMo6S6Se2": {"Cavg__Polarizability": 6.99, "X__Polarizability": 3.335, "Ctotal__fusion": 11300.0, "X__cohesive_energies": 2.6550000000000002, "Cavg__first_IE": 731000.0, "els_donated": 1.0, "dHd": 0.02273252066667064}, "Mg2Mo6S6Se2": {"Cavg__Polarizability": 10.76666667, "X__Polarizability": 3.335, "Ctotal__fusion": 17400.0, "X__cohesive_energies": 2.6550000000000002, "Cavg__first_IE": 737700.0, "els_donated": 4.0, "dHd": -0.002731435892855849}, "Cu2Mo6Se4Te4": {"Cavg__Polarizability": 6.15, "X__Polarizability": 4.635, "Ctotal__fusion": 26200.0, "X__cohesive_energies": 2.325, "Cavg__first_IE": 745500.0, "els_donated": 2.0, "dHd": 0.07995970031249688}, "Mo6SiS6Se2": {"Cavg__Polarizability": 5.53, "X__Polarizability": 3.335, "Ctotal__fusion": 50200.0, "X__cohesive_energies": 2.6550000000000002, "Cavg__first_IE": 786500.0, "els_donated": 4.0, "dHd": 0.1829688800000061}, "AgMo6Se4Te4": {"Cavg__Polarizability": 6.99, "X__Polarizability": 4.635, "Ctotal__fusion": 11300.0, "X__cohesive_energies": 2.325, "Cavg__first_IE": 731000.0, "els_donated": 1.0, "dHd": 0.048773703666666}, "Cu2Mo6S4Se4": {"Cavg__Polarizability": 6.15, "X__Polarizability": 3.335, "Ctotal__fusion": 26200.0, "X__cohesive_energies": 2.6550000000000002, "Cavg__first_IE": 745500.0, "els_donated": 2.0, "dHd": 0.049249460625001684}, "Mo6SiS4Se4": {"Cavg__Polarizability": 5.53, "X__Polarizability": 3.335, "Ctotal__fusion": 50200.0, "X__cohesive_energies": 2.6550000000000002, "Cavg__first_IE": 786500.0, "els_donated": 4.0, "dHd": 0.17849681133333517}, "Mo6SiSe4Te4": {"Cavg__Polarizability": 5.53, "X__Polarizability": 4.635, "Ctotal__fusion": 50200.0, "X__cohesive_energies": 2.325, "Cavg__first_IE": 786500.0, "els_donated": 4.0, "dHd": 0.1747712646714883}, "CaMo6S4Se4": {"Cavg__Polarizability": 25.73333333, "X__Polarizability": 3.335, "Ctotal__fusion": 8540.0, "X__cohesive_energies": 2.6550000000000002, "Cavg__first_IE": 589800.0, "els_donated": 2.0, "dHd": 0.016113185777771988}, "AgMo6S4Se4": {"Cavg__Polarizability": 6.99, "X__Polarizability": 3.335, "Ctotal__fusion": 11300.0, "X__cohesive_energies": 2.6550000000000002, "Cavg__first_IE": 731000.0, "els_donated": 1.0, "dHd": 0.04008441933333351}, "Mo6Ni2Se4Te4": {"Cavg__Polarizability": 6.8, "X__Polarizability": 4.635, "Ctotal__fusion": 34400.0, "X__cohesive_energies": 2.325, "Cavg__first_IE": 737100.0, "els_donated": 4.0, "dHd": 0.09414464781249898}, "Mo6Ni2S4Se4": {"Cavg__Polarizability": 6.8, "X__Polarizability": 3.335, "Ctotal__fusion": 34400.0, "X__cohesive_energies": 2.6550000000000002, "Cavg__first_IE": 737100.0, "els_donated": 4.0, "dHd": 0.05325801374999961}, "Mo6Ni2S6Se2": {"Cavg__Polarizability": 6.8, "X__Polarizability": 3.335, "Ctotal__fusion": 34400.0, "X__cohesive_energies": 2.6550000000000002, "Cavg__first_IE": 737100.0, "els_donated": 4.0, "dHd": 0.03908340124999965}, "Li2Mo6S4Se4": {"Cavg__Polarizability": 24.335, "X__Polarizability": 3.335, "Ctotal__fusion": 6000.0, "X__cohesive_energies": 2.6550000000000002, "Cavg__first_IE": 520200.00000000006, "els_donated": 2.0, "dHd": 0.004008234375008302}, "Li2Mo6S6Se2": {"Cavg__Polarizability": 24.335, "X__Polarizability": 3.335, "Ctotal__fusion": 6000.0, "X__cohesive_energies": 2.6550000000000002, "Cavg__first_IE": 520200.00000000006, "els_donated": 2.0, "dHd": 0.004037386562510847}, "Li2Mo6Se4Te4": {"Cavg__Polarizability": 24.335, "X__Polarizability": 4.635, "Ctotal__fusion": 6000.0, "X__cohesive_energies": 2.325, "Cavg__first_IE": 520200.00000000006, "els_donated": 2.0, "dHd": 0.009364305437838394}}