{"Al2Mo6S6Se2": {"Cavg__Polarizability": 6.8, "X__Polarizability": 3.335, "Ctotal__fusion": 21400.0, "X__cohesive_energies": 2.6550000000000002, "Cavg__first_IE": 577500.0, "els_donated": 4.0, "dHd": 0.07888985168532692}, "KMo6S4Se4": {"Cavg__Polarizability": 43.23, "X__Polarizability": 3.335, "Ctotal__fusion": 2330.0, "X__cohesive_energies": 2.6550000000000002, "Cavg__first_IE": 418800.0, "els_donated": 1.0, "dHd": 0.04526055333333123}, "KMo6Se4Te4": {"Cavg__Polarizability": 43.23, "X__Polarizability": 4.635, "Ctotal__fusion": 2330.0, "X__cohesive_energies": 2.325, "Cavg__first_IE": 418800.0, "els_donated": 1.0, "dHd": 0.0651659941666688}, "CaMo6S6Se2": {"Cavg__Polarizability": 25.73333333, "X__Polarizability": 3.335, "Ctotal__fusion": 8540.0, "X__cohesive_energies": 2.6550000000000002, "Cavg__first_IE": 589800.0, "els_donated": 2.0, "dHd": -0.001533857666658256}, "Mg2Mo6Se4Te4": {"Cavg__Polarizability": 10.76666667, "X__Polarizability": 4.635, "Ctotal__fusion": 17400.0, "X__cohesive_energies": 2.325, "Cavg__first_IE": 737700.0, "els_donated": 4.0, "dHd": 0.08215720343750377}, "Cu2Mo6S6Se2": {"Cavg__Polarizability": 6.15, "X__Polarizability": 3.335, "Ctotal__fusion": 26200.0, "X__cohesive_energies": 2.6550000000000002, "Cavg__first_IE": 745500.0, "els_donated": 2.0, "dHd": 0.026103721249997047}, "Al2Mo6S4Se4": {"Cavg__Polarizability": 6.8, "X__Polarizability": 3.335, "Ctotal__fusion": 21400.0, "X__cohesive_energies": 2.6550000000000002, "Cavg__first_IE": 577500.0, "els_donated": 4.0, "dHd": 0.1001437159615447}, "CaMo6Se4Te4": {"Cavg__Polarizability": 25.73333333, "X__Polarizability": 4.635, "Ctotal__fusion": 8540.0, "X__cohesive_energies": 2.325, "Cavg__first_IE": 589800.0, "els_donated": 2.0, "dHd": 0.054731638333335386}, "KMo6S6Se2": {"Cavg__Polarizability": 43.23, "X__Polarizability": 3.335, "Ctotal__fusion": 2330.0, "X__cohesive_energies": 2.6550000000000002, "Cavg__first_IE": 418800.0, "els_donated": 1.0, "dHd": 0.02282442033334786}, "Mg2Mo6S4Se4": {"Cavg__Polarizability": 10.76666667, "X__Polarizability": 3.335, "Ctotal__fusion": 17400.0, "X__cohesive_energies": 2.6550000000000002, "Cavg__first_IE": 737700.0, "els_donated": 4.0, "dHd": 0.024112429475264374}, "Al2Mo6Se4Te4": {"Cavg__Polarizability": 6.8, "X__Polarizability": 4.635, "Ctotal__fusion": 21400.0, "X__cohesive_energies": 2.325, "Cavg__first_IE": 577500.0, "els_donated": 4.0, "dHd": 0.1474622103124978}, "AgMo6S6Se2": {"Cavg__Polarizability": 6.99, "X__Polarizability": 3.335, "Ctotal__fusion": 11300.0, "X__cohesive_energies": 2.6550000000000002, "Cavg__first_IE": 731000.0, "els_donated": 1.0, "dHd": 0.022732520666666423}, "Mg2Mo6S6Se2": {"Cavg__Polarizability": 10.76666667, "X__Polarizability": 3.335, "Ctotal__fusion": 17400.0, "X__cohesive_energies": 2.6550000000000002, "Cavg__first_IE": 737700.0, "els_donated": 4.0, "dHd": -0.002731435892851297}, "Cu2Mo6Se4Te4": {"Cavg__Polarizability": 6.15, "X__Polarizability": 4.635, "Ctotal__fusion": 26200.0, "X__cohesive_energies": 2.325, "Cavg__first_IE": 745500.0, "els_donated": 2.0, "dHd": 0.07995970031249816}, "Mo6SiS6Se2": {"Cavg__Polarizability": 5.53, "X__Polarizability": 3.335, "Ctotal__fusion": 50200.0, "X__cohesive_energies": 2.6550000000000002, "Cavg__first_IE": 786500.0, "els_donated": 4.0, "dHd": 0.182968880060848}, "AgMo6Se4Te4": {"Cavg__Polarizability": 6.99, "X__Polarizability": 4.635, "Ctotal__fusion": 11300.0, "X__cohesive_energies": 2.325, "Cavg__first_IE": 731000.0, "els_donated": 1.0, "dHd": 0.048773703666665946}, "Cu2Mo6S4Se4": {"Cavg__Polarizability": 6.15, "X__Polarizability": 3.335, "Ctotal__fusion": 26200.0, "X__cohesive_energies": 2.6550000000000002, "Cavg__first_IE": 745500.0, "els_donated": 2.0, "dHd": 0.049249460625000574}, "Mo6SiS4Se4": {"Cavg__Polarizability": 5.53, "X__Polarizability": 3.335, "Ctotal__fusion": 50200.0, "X__cohesive_energies": 2.6550000000000002, "Cavg__first_IE": 786500.0, "els_donated": 4.0, "dHd": 0.17849681133333495}, "Mo6SiSe4Te4": {"Cavg__Polarizability": 5.53, "X__Polarizability": 4.635, "Ctotal__fusion": 50200.0, "X__cohesive_energies": 2.325, "Cavg__first_IE": 786500.0, "els_donated": 4.0, "dHd": 0.1748895187037019}, "CaMo6S4Se4": {"Cavg__Polarizability": 25.73333333, "X__Polarizability": 3.335, "Ctotal__fusion": 8540.0, "X__cohesive_energies": 2.6550000000000002, "Cavg__first_IE": 589800.0, "els_donated": 2.0, "dHd": 0.01611318577777976}, "AgMo6S4Se4": {"Cavg__Polarizability": 6.99, "X__Polarizability": 3.335, "Ctotal__fusion": 11300.0, "X__cohesive_energies": 2.6550000000000002, "Cavg__first_IE": 731000.0, "els_donated": 1.0, "dHd": 0.04008442018332237}, "Mo6Ni2Se4Te4": {"Cavg__Polarizability": 6.8, "X__Polarizability": 4.635, "Ctotal__fusion": 34400.0, "X__cohesive_energies": 2.325, "Cavg__first_IE": 737100.0, "els_donated": 4.0, "dHd": 0.09414464781250098}, "Mo6Ni2S4Se4": {"Cavg__Polarizability": 6.8, "X__Polarizability": 3.335, "Ctotal__fusion": 34400.0, "X__cohesive_energies": 2.6550000000000002, "Cavg__first_IE": 737100.0, "els_donated": 4.0, "dHd": 0.05325801710056555}, "Mo6Ni2S6Se2": {"Cavg__Polarizability": 6.8, "X__Polarizability": 3.335, "Ctotal__fusion": 34400.0, "X__cohesive_energies": 2.6550000000000002, "Cavg__first_IE": 737100.0, "els_donated": 4.0, "dHd": 0.03908340124999776}, "Li2Mo6S4Se4": {"Cavg__Polarizability": 24.335, "X__Polarizability": 3.335, "Ctotal__fusion": 6000.0, "X__cohesive_energies": 2.6550000000000002, "Cavg__first_IE": 520200.00000000006, "els_donated": 2.0, "dHd": 0.004008234375002084}, "Li2Mo6S6Se2": {"Cavg__Polarizability": 24.335, "X__Polarizability": 3.335, "Ctotal__fusion": 6000.0, "X__cohesive_energies": 2.6550000000000002, "Cavg__first_IE": 520200.00000000006, "els_donated": 2.0, "dHd": 0.004037386562504408}, "Li2Mo6Se4Te4": {"Cavg__Polarizability": 24.335, "X__Polarizability": 4.635, "Ctotal__fusion": 6000.0, "X__cohesive_energies": 2.325, "Cavg__first_IE": 520200.00000000006, "els_donated": 2.0, "dHd": 0.009364304999999518}}